"P.13 Em uma escala de 0 a 10, onde 0 significa nenhuma chance de acontecer
e 10 muita chance de acontecer, qual a chance de:
(Resposta estimulada e única, em %)",,,,,,,,,,,,,,,,,,,,,,,,,
,,,,TOTAL,SEXO,,IDADE,,,,,ESCOLARIDADE,,,RENDA FAMILIAR MENSAL,,,,OCUPAÇÃO PRINCIPAL,,COR,,,MORA EM COMUNIDADE,
,,,,,Mascu- lino,Femi- nino,16 a 24 anos,25 a 34 anos,35 a 44 anos,45 a 59 anos,60 anos ou mais,Funda- mental,Médio,Supe- rior,Até 2 S.M.,Mais de 2 a 5 S.M,Mais de 5 a 10 S.M.,Mais de 10 S.M.,PEA,NÃO PEA,Parda,Branca,Preta,Sim,Não
M13A,,MÉDIA,,5.2,4.9,5.5,4.9,5.5,5.0,5.6,5.0,5.2,5.4,5.0,5.2,5.4,5.0,4.6,5.3,4.9,5.4,5.0,5.3,5.3,5.2
TER SUA RESIDÊNCIA INVADIDA OU ARROMBADA NO PRÓXIMO MÊS?,R1,Nenhuma chance de acontecer (0),,17,18,16,15,11,17,15,26,26,15,13,22,13,15,13,16,20,16,19,14,21,15
,,1,,4,5,4,3,5,4,5,5,4,5,4,4,5,4,6,4,5,5,3,3,4,5
,,2,,6,7,6,6,8,5,8,5,6,5,8,5,7,8,7,7,5,7,7,6,6,7
,,3,,7,7,7,12,5,8,6,7,4,7,10,6,7,8,13,7,8,6,9,8,7,7
,,4,,6,8,5,6,6,8,7,3,5,5,8,4,6,9,12,7,4,4,7,9,4,7
,,5,,15,16,15,19,19,20,12,11,9,18,18,15,19,13,15,14,18,16,14,18,13,17
,,6,,5,4,6,7,5,5,4,4,1,5,7,4,4,6,10,5,5,5,4,6,3,6
,,7,,6,6,6,8,9,7,4,4,3,7,6,6,6,8,8,6,5,6,7,5,7,5
,,8,,7,6,7,6,6,5,10,5,5,9,6,7,6,11,2,7,7,6,7,6,7,7
,,9,,4,5,3,4,7,5,4,3,6,3,4,4,5,4,,5,3,5,3,5,5,4
,R1,Muita chance de acontecer (10),,22,18,25,14,18,17,27,28,30,21,15,24,22,13,15,23,20,25,19,20,25,20
,,***,Total em %,100,100,100,100,100,100,100,100,100,100,100,100,100,100,100,100,100,100,100,100,100,100
,,,Base ponderada,1012,465,547,150,183,181,251,248,272,432,308,337,414,138,53,690,322,375,345,210,361,651
,,,Total Nos. absolutos,1012,466,546,146,190,184,252,240,270,433,309,336,416,138,53,694,318,376,344,210,361,651
M13B,,MÉDIA,,7.2,6.9,7.5,7.5,7.9,7.5,7.2,6.3,6.9,7.4,7.2,6.9,7.5,7.4,7.1,7.4,6.8,7.4,7.2,7.1,7.4,7.1
TER OBJETOS PESSOAIS DE VALOR TOMADOS A FORÇA POR OUTRAS PESSOAS EM UM ROUBO OU ASSALTO NO PRÓXIMO MÊS?,R2,Nenhuma chance de acontecer (0),,8,8,8,6,4,5,6,17,15,6,4,12,6,1,6,6,11,8,7,9,9,8
,,1,,2,1,2,,,2,3,2,0,1,3,2,1,1,2,1,3,1,2,1,2,1
,,2,,3,4,2,1,2,2,5,3,3,3,3,2,3,4,6,3,3,3,3,2,2,3
,,3,,3,6,1,4,2,2,5,4,4,3,3,3,3,4,4,4,3,2,3,5,3,4
,,4,,3,3,2,4,2,1,2,3,2,3,3,2,3,4,2,2,3,2,3,2,1,3
,,5,,9,11,8,8,8,14,9,8,7,11,10,12,8,10,6,9,10,9,10,8,7,10
,,6,,6,8,4,6,7,7,3,6,3,7,6,5,6,5,9,5,7,5,6,8,6,6
,,7,,8,8,7,10,9,5,9,6,5,7,11,5,9,10,8,7,10,7,9,9,7,8
,,8,,12,12,11,12,13,16,7,11,10,10,15,9,11,17,17,12,9,11,12,10,11,12
,,9,,7,6,7,9,7,8,6,4,5,7,8,7,7,7,6,7,5,10,6,3,6,7
,R2,Muita chance de acontecer (10),,41,34,46,39,46,40,45,35,45,43,34,42,43,35,36,42,37,41,39,43,46,38
,,***,Total em %,100,100,100,100,100,100,100,100,100,100,100,100,100,100,100,100,100,100,100,100,100,100
,,,Base ponderada,1012,465,547,150,183,181,251,248,272,432,308,337,414,138,53,690,322,375,345,210,361,651
,,,Total Nos. absolutos,1012,466,546,146,190,184,252,240,270,433,309,336,416,138,53,694,318,376,344,210,361,651
M13C,,MÉDIA,,6.5,6.5,6.6,5.9,7.0,6.6,6.9,6.1,6.2,6.6,6.7,6.1,6.8,7.3,6.8,6.7,6.2,6.7,6.8,6.2,6.5,6.5
TER SEU CARRO OU MOTO TOMADO DE ASSALTO NO PRÓXIMO MÊS?,R3,Nenhuma chance de acontecer (0),,15,13,16,16,11,16,13,18,20,15,10,19,14,7,11,14,17,16,11,16,16,14
,,1,,1,2,1,1,1,2,1,2,2,1,1,2,1,,4,1,1,1,2,1,2,1
,,2,,2,2,2,3,3,1,2,1,1,1,3,1,2,3,,2,2,1,2,1,1,2
,,3,,3,4,2,3,1,2,5,4,3,3,3,3,3,4,2,4,2,3,2,4,3,3
,,4,,2,3,1,2,3,1,2,2,1,1,4,2,2,4,2,2,3,2,2,2,2,2
,,5,,10,12,7,18,11,10,5,9,7,11,11,13,7,10,8,10,9,8,11,11,9,10
,,6,,3,3,3,3,6,2,3,2,3,3,3,2,4,4,6,3,3,3,2,6,4,3
,,7,,5,6,5,8,4,9,4,4,2,5,9,3,6,9,8,5,5,6,6,3,4,6
,,8,,8,9,8,10,7,8,8,9,4,9,9,5,9,11,15,8,8,7,10,8,8,8
,,9,,6,7,4,7,8,4,6,3,3,7,5,4,7,7,4,6,4,7,4,6,4,7
,R3,Muita chance de acontecer (10),,34,32,36,23,38,36,39,30,37,34,31,34,35,37,32,36,30,37,34,29,36,33
,,Não tem carro/ moto,,11,7,14,7,7,9,12,17,16,9,10,13,9,6,9,9,15,8,13,13,13,10
,,***,Total em %,100,100,100,100,100,100,100,100,100,100,100,100,100,100,100,100,100,100,100,100,100,100
,,,Base ponderada,1012,465,547,150,183,181,251,248,272,432,308,337,414,138,53,690,322,375,345,210,361,651
,,,Total Nos. absolutos,1012,466,546,146,190,184,252,240,270,433,309,336,416,138,53,694,318,376,344,210,361,651
M13D,,MÉDIA,,3.7,3.7,3.7,4.0,3.9,3.4,4.0,3.3,4.2,3.7,3.2,4.0,3.7,3.3,3.2,3.7,3.7,3.8,3.5,3.7,4.2,3.4
SE ENVOLVER EM BRIGAS OU AGRESSÕES FÍSICAS COM OUTRAS PESSOAS NO PRÓXIMO MÊS?,R4,Nenhuma chance de acontecer (0),,30,27,33,21,25,31,26,43,35,29,27,31,30,27,25,28,33,29,32,29,26,32
,,1,,7,8,7,5,7,9,9,5,4,6,10,5,7,9,17,8,5,6,9,7,5,8
,,2,,8,9,8,8,12,7,8,8,5,7,14,7,8,14,9,8,9,7,8,12,8,9
,,3,,10,12,9,15,10,13,9,7,6,11,14,8,12,13,13,11,9,11,11,9,9,11
,,4,,5,4,5,6,3,6,4,4,3,6,4,5,5,4,4,4,5,4,4,5,5,4
,,5,,12,15,10,18,16,9,15,7,10,15,10,15,12,11,11,13,11,14,10,10,15,11
,,6,,4,4,4,7,3,6,2,2,2,5,4,3,5,3,6,4,4,5,4,4,4,4
,,7,,3,3,3,5,5,2,4,0,3,3,4,3,3,5,,4,2,3,3,4,3,3
,,8,,5,5,6,5,5,5,5,5,7,5,4,6,5,4,4,6,4,6,4,7,6,5
,,9,,2,1,2,1,2,1,3,2,2,2,1,2,1,2,4,2,1,2,1,2,2,2
,R4,Muita chance de acontecer (10),,13,12,14,9,13,11,15,16,22,12,8,16,13,8,7,12,17,12,14,12,17,11
,,***,Total em %,100,100,100,100,100,100,100,100,100,100,100,100,100,100,100,100,100,100,100,100,100,100
,,,Base ponderada,1012,465,547,150,183,181,251,248,272,432,308,337,414,138,53,690,322,375,345,210,361,651
,,,Total Nos. absolutos,1012,466,546,146,190,184,252,240,270,433,309,336,416,138,53,694,318,376,344,210,361,651
M13E,,MÉDIA,,6.2,5.9,6.5,6.0,6.6,6.4,6.4,5.8,6.3,6.3,6.1,6.0,6.6,5.8,6.4,6.4,5.9,6.3,6.1,6.5,6.5,6.1
MORRER ASSASSINADO NO PRÓXIMO MÊS?,R5,Nenhuma chance de acontecer (0),,15,16,14,14,10,15,12,22,21,16,8,19,12,12,6,14,16,14,14,14,17,14
,,1,,4,5,3,4,3,3,6,2,3,3,5,3,4,5,6,3,4,4,3,3,3,4
,,2,,4,4,4,3,3,4,3,6,3,4,4,5,3,7,,3,5,4,4,4,3,5
,,3,,4,5,3,4,4,2,4,5,3,3,5,4,4,4,2,4,4,3,4,4,2,4
,,4,,4,4,3,5,4,3,3,3,2,3,6,3,3,4,12,3,4,3,4,2,2,4
,,5,,12,11,13,11,14,13,14,10,7,11,18,12,10,18,19,12,13,12,15,9,10,14
,,6,,4,6,2,6,5,4,4,2,2,4,5,2,5,5,6,4,3,4,4,4,3,4
,,7,,7,7,6,12,6,8,6,4,4,6,10,5,8,7,8,7,7,6,8,6,6,7
,,8,,7,8,6,7,8,8,6,5,4,6,10,4,9,6,15,7,6,6,8,6,6,7
,,9,,6,6,6,8,5,10,4,4,5,7,4,6,6,8,2,6,4,6,4,8,6,6
,R5,Muita chance de acontecer (10),,35,30,39,25,37,32,39,37,45,36,25,38,37,25,26,36,33,36,32,39,42,31
,,***,Total em %,100,100,100,100,100,100,100,100,100,100,100,100,100,100,100,100,100,100,100,100,100,100
,,,Base ponderada,1012,465,547,150,183,181,251,248,272,432,308,337,414,138,53,690,322,375,345,210,361,651
,,,Total Nos. absolutos,1012,466,546,146,190,184,252,240,270,433,309,336,416,138,53,694,318,376,344,210,361,651
M13F,,MÉDIA,,5.0,4.6,5.4,5.1,5.3,4.8,5.2,4.7,4.8,5.2,4.9,4.8,5.2,5.2,4.9,5.0,5.0,5.2,5.1,4.7,5.1,5.0
DE SER SEQUESTRADO NO PRÓXIMO MÊS?,R6,Nenhuma chance de acontecer (0),,21,22,20,15,17,21,19,30,34,18,15,27,18,15,13,20,23,21,18,24,24,20
,,1,,4,5,3,4,3,4,4,5,2,5,4,3,4,7,6,4,4,4,4,3,3,5
,,2,,6,8,5,6,4,8,8,5,8,5,7,7,7,6,6,6,6,4,8,7,6,6
,,3,,5,6,5,8,5,6,6,3,3,6,7,5,6,4,13,6,4,5,6,6,5,6
,,4,,5,6,4,8,5,7,4,4,2,6,7,4,6,4,8,5,6,4,6,9,4,6
,,5,,17,17,16,19,22,15,17,12,9,19,20,16,17,20,19,17,16,17,17,16,16,17
,,6,,5,5,5,5,8,3,5,4,2,5,7,3,5,6,4,5,5,6,5,2,3,6
,,7,,4,5,4,4,8,6,4,1,2,5,7,4,5,8,6,6,2,5,5,3,4,5
,,8,,6,4,7,8,4,9,5,5,4,5,8,4,6,8,9,6,6,5,7,7,5,6
,,9,,4,3,5,5,4,5,3,4,4,5,3,4,5,4,,5,3,5,4,1,4,4
,R6,Muita chance de acontecer (10),,22,18,25,18,19,17,25,27,30,23,14,25,22,19,17,21,25,24,21,21,26,20
,,***,Total em %,100,100,100,100,100,100,100,100,100,100,100,100,100,100,100,100,100,100,100,100,100,100
,,,Base ponderada,1012,465,547,150,183,181,251,248,272,432,308,337,414,138,53,690,322,375,345,210,361,651
,,,Total Nos. absolutos,1012,466,546,146,190,184,252,240,270,433,309,336,416,138,53,694,318,376,344,210,361,651
M13G,,MÉDIA,,5.2,4.8,5.6,4.6,5.2,5.3,5.5,5.2,5.3,5.2,5.3,5.1,5.3,5.3,5.3,5.3,5.2,5.5,5.4,4.6,5.3,5.2
DE SOFRER SEQUESTRO RELÂMPAGO NO PRÓXIMO MÊS?,R7,Nenhuma chance de acontecer (0),,19,19,18,19,16,17,18,22,25,20,12,22,16,13,13,18,21,17,16,24,22,17
,,1,,3,3,2,1,2,1,3,5,3,3,3,3,3,3,2,3,1,2,3,3,3,2
,,2,,8,9,6,12,9,7,6,5,8,7,8,6,8,10,7,8,8,6,7,9,7,8
,,3,,7,9,5,6,8,7,7,7,5,6,10,6,7,8,11,7,7,5,10,6,4,8
,,4,,4,5,4,10,5,3,2,4,4,5,5,4,5,4,4,4,5,4,3,7,4,5
,,5,,14,15,14,14,15,20,14,10,7,16,18,16,13,17,15,15,13,14,15,14,12,16
,,6,,6,6,6,7,9,7,6,5,5,4,11,5,7,6,9,7,6,8,4,6,4,8
,,7,,5,6,5,8,4,3,6,5,4,6,5,3,6,6,6,5,6,6,5,5,4,5
,,8,,7,7,8,8,6,10,8,6,5,9,8,5,9,9,11,9,5,10,8,4,7,8
,,9,,4,2,5,3,4,4,3,4,2,4,4,3,4,5,6,4,3,4,4,1,4,3
,R7,Muita chance de acontecer (10),,23,19,26,12,22,21,27,27,32,21,17,26,21,19,15,22,25,22,25,21,28,20
,,***,Total em %,100,100,100,100,100,100,100,100,100,100,100,100,100,100,100,100,100,100,100,100,100,100
,,,Base ponderada,1012,465,547,150,183,181,251,248,272,432,308,337,414,138,53,690,322,375,345,210,361,651
,,,Total Nos. absolutos,1012,466,546,146,190,184,252,240,270,433,309,336,416,138,53,694,318,376,344,210,361,651
M13H,,MÉDIA,,4.3,2.8,5.6,4.5,4.9,4.1,4.3,3.9,4.4,4.5,3.9,4.5,4.3,3.9,3.8,4.2,4.5,4.4,4.1,4.6,4.8,4.1
DE SER VÍTIMA DE AGRESSÃO SEXUAL NO PRÓXIMO MÊS ?,R8,Nenhuma chance de acontecer (0),,30,42,19,25,24,35,27,36,35,27,28,32,27,31,25,29,31,29,31,27,28,31
,,1,,6,10,3,5,6,5,8,6,4,6,8,5,7,8,12,7,4,7,6,5,5,7
,,2,,6,8,5,7,5,4,6,9,5,5,10,4,7,10,15,6,7,4,9,6,5,7
,,3,,6,6,5,8,4,5,4,7,5,7,5,6,7,4,6,5,7,5,6,8,5,6
,,4,,4,4,3,7,5,3,4,1,2,5,3,3,4,4,6,5,2,4,3,6,3,4
,,5,,13,12,15,11,15,13,18,9,13,13,14,13,16,12,4,14,13,13,12,12,15,13
,,6,,3,1,4,3,5,1,2,3,1,2,4,2,3,4,5,2,3,3,3,2,3,2
,,7,,4,3,5,5,4,4,6,1,3,5,4,4,4,4,2,5,3,6,3,3,3,5
,,8,,5,3,8,4,6,9,4,4,3,5,8,5,5,6,11,5,5,7,5,5,4,6
,,9,,2,1,4,3,3,3,2,2,2,3,2,2,3,2,2,3,2,3,2,3,3,2
,R8,Muita chance de acontecer (10),,20,10,29,21,23,17,18,22,27,21,14,24,19,16,13,19,24,19,20,23,26,17
,,***,Total em %,100,100,100,100,100,100,100,100,100,100,100,100,100,100,100,100,100,100,100,100,100,100
,,,Base ponderada,1012,465,547,150,183,181,251,248,272,432,308,337,414,138,53,690,322,375,345,210,361,651
,,,Total Nos. absolutos,1012,466,546,146,190,184,252,240,270,433,309,336,416,138,53,694,318,376,344,210,361,651
M13I,,MÉDIA,,5.6,5.4,5.7,5.0,5.9,5.5,5.8,5.5,5.8,5.6,5.3,5.7,5.5,5.6,5.3,5.6,5.4,5.6,5.5,5.5,5.8,5.4
SER VÍTIMA DE UMA FRAUDE E PERDER QUANTIA SIGNIFICATIVA DE DINHEIRO NO PRÓXIMO MÊS?,R9,Nenhuma chance de acontecer (0),,15,14,17,19,13,13,12,20,22,15,9,20,13,9,10,14,18,16,12,18,17,15
,,1,,4,6,3,4,3,5,6,4,3,4,6,4,4,5,10,5,3,5,5,2,4,5
,,2,,6,6,6,6,4,6,6,6,4,4,10,3,6,11,11,5,8,5,9,4,3,7
,,3,,5,6,5,6,5,7,6,3,4,5,7,4,7,5,,6,4,6,4,7,5,5
,,4,,4,5,4,6,5,4,5,2,3,4,6,3,5,4,10,5,3,4,5,4,3,5
,,5,,16,17,16,15,17,18,17,15,13,18,17,15,18,16,17,16,17,15,17,19,16,17
,,6,,5,5,5,5,8,5,4,4,4,4,8,4,5,7,4,5,5,5,6,6,6,5
,,7,,6,8,4,10,5,6,6,3,4,6,7,7,6,5,4,6,5,5,5,7,7,5
,,8,,8,8,8,9,9,8,7,8,4,10,9,5,8,12,15,7,9,8,10,5,5,9
,,9,,4,4,4,3,3,4,4,6,5,4,3,5,4,4,,4,4,6,3,3,5,3
,R9,Muita chance de acontecer (10),,25,21,29,17,27,23,29,28,35,25,18,30,23,21,21,26,24,26,24,26,30,23
,,***,Total em %,100,100,100,100,100,100,100,100,100,100,100,100,100,100,100,100,100,100,100,100,100,100
,,,Base ponderada,1012,465,547,150,183,181,251,248,272,432,308,337,414,138,53,690,322,375,345,210,361,651
,,,Total Nos. absolutos,1012,466,546,146,190,184,252,240,270,433,309,336,416,138,53,694,318,376,344,210,361,651
M13J,,MÉDIA,,5.6,5.0,6.1,4.6,5.7,5.4,6.0,5.6,5.8,5.5,5.4,5.6,5.6,5.6,5.4,5.5,5.6,5.6,5.7,5.5,5.5,5.6
RECEBER UMA LIGAÇÃO DE BANDIDOS EXIGINDO DINHEIRO NO PRÓXIMO MÊS?,R10,Nenhuma chance de acontecer (0),,18,20,16,19,13,16,15,24,24,18,12,21,16,14,4,18,18,18,14,19,22,15
,,1,,3,4,2,3,3,5,4,2,2,3,5,3,3,2,8,4,2,4,3,1,4,3
,,2,,5,6,4,7,5,5,6,3,3,5,7,4,5,8,9,5,6,5,6,4,3,6
,,3,,7,7,6,9,7,7,7,5,4,7,9,4,6,11,15,7,6,6,8,6,3,9
,,4,,4,5,4,6,4,4,3,3,3,4,5,3,5,2,10,4,4,4,3,6,4,4
,,5,,14,16,12,21,18,14,11,10,9,19,12,18,13,14,7,13,16,14,13,17,12,15
,,6,,5,6,4,8,7,4,2,5,5,3,7,3,7,4,8,5,5,3,5,8,6,4
,,7,,5,5,5,6,5,4,7,4,4,4,8,4,6,7,4,6,4,6,6,4,5,5
,,8,,9,9,8,5,9,15,7,7,6,8,12,6,10,10,15,9,7,8,10,7,8,9
,,9,,4,4,5,5,6,2,5,5,5,5,3,4,5,5,4,4,5,5,6,2,5,4
,R10,Muita chance de acontecer (10),,26,18,33,13,23,23,33,32,36,25,19,30,25,23,17,26,27,26,25,26,28,25
,,***,Total em %,100,100,100,100,100,100,100,100,100,100,100,100,100,100,100,100,100,100,100,100,100,100
,,,Base ponderada,1012,465,547,150,183,181,251,248,272,432,308,337,414,138,53,690,322,375,345,210,361,651
,,,Total Nos. absolutos,1012,466,546,146,190,184,252,240,270,433,309,336,416,138,53,694,318,376,344,210,361,651
M13K,,MÉDIA,,5.2,5.2,5.2,5.2,5.9,5.1,5.4,4.6,5.7,5.3,4.6,5.4,5.4,4.6,4.7,5.4,4.9,5.6,4.8,5.2,6.2,4.7
"SER VÍTIMA DE VIOLÊNCIA POR PARTE DA POLÍCIA MILITAR, AQUELA QUE EXECUTA O POLICIAMENTO FARDADO E OSTENSIVO NAS RUAS NO PRÓXIMO MÊS?",R11,Nenhuma chance de acontecer (0),,19,17,21,19,12,20,16,29,21,19,19,22,16,19,15,16,26,17,22,20,15,22
,,1,,4,5,3,2,3,5,4,5,2,4,6,2,3,8,9,5,2,3,5,3,2,5
,,2,,6,6,6,2,6,4,7,7,6,3,8,5,5,7,11,6,4,7,5,4,4,7
,,3,,8,9,6,8,7,8,6,9,5,8,9,5,8,10,11,7,8,7,9,8,6,9
,,4,,4,3,5,7,5,3,4,3,3,5,4,5,4,7,2,4,4,4,4,5,4,4
,,5,,15,14,15,18,16,16,15,10,11,16,16,15,15,11,9,15,13,13,13,17,15,15
,,6,,5,6,4,7,5,4,5,3,3,4,7,3,5,6,8,5,5,4,6,5,4,5
,,7,,6,5,6,11,6,4,8,1,4,8,5,4,8,6,4,5,7,5,6,5,5,6
,,8,,8,9,7,4,9,9,8,8,6,9,8,7,9,8,9,8,8,10,6,8,7,8
,,9,,4,4,5,7,6,4,4,3,4,4,5,4,5,6,4,5,4,5,4,5,7,3
,R11,Muita chance de acontecer (10),,22,22,23,16,26,22,22,24,34,21,14,27,22,14,17,23,20,25,20,21,32,17
,,***,Total em %,100,100,100,100,100,100,100,100,100,100,100,100,100,100,100,100,100,100,100,100,100,100
,,,Base ponderada,1012,465,547,150,183,181,251,248,272,432,308,337,414,138,53,690,322,375,345,210,361,651
,,,Total Nos. absolutos,1012,466,546,146,190,184,252,240,270,433,309,336,416,138,53,694,318,376,344,210,361,651
M13L,,MÉDIA,,4.5,4.3,4.7,4.8,4.5,4.1,4.7,4.4,5.1,4.7,3.6,4.9,4.6,3.5,3.9,4.5,4.6,4.7,4.1,4.8,5.4,4.0
"SER VÍTIMA DE VIOLÊNCIA POR PARTE DA POLÍCIA CIVIL, AQUELA QUE ATUA INVESTIGANDO CRIMES E REGISTRA OCORRÊNCIA NAS DELEGACIAS NO PRÓXIMO MÊS?",R12,Nenhuma chance de acontecer (0),,22,22,22,16,21,22,20,28,24,21,21,22,19,26,21,21,24,20,24,21,18,24
,,1,,7,8,5,4,7,8,6,7,4,5,12,5,7,9,11,7,6,7,7,5,4,8
,,2,,9,8,9,8,7,9,11,8,7,8,11,8,9,12,9,9,7,9,11,5,7,10
,,3,,8,8,8,11,5,9,6,8,8,7,9,6,8,10,10,7,9,8,7,9,5,9
,,4,,4,5,3,5,6,5,4,2,3,4,5,3,5,4,6,4,4,4,6,4,5,4
,,5,,16,15,16,18,21,15,15,11,10,17,18,15,16,16,19,17,13,14,15,17,14,16
,,6,,4,4,4,4,5,4,5,2,3,5,5,4,4,5,2,4,3,5,4,3,4,4
,,7,,5,5,5,6,4,5,7,3,5,7,3,5,6,5,2,5,6,7,3,7,6,5
,,8,,6,6,6,7,5,8,4,6,4,8,5,6,6,4,10,6,6,6,5,8,7,6
,,9,,4,3,4,7,4,3,2,3,5,4,2,3,5,3,2,3,5,4,3,3,5,3
,R12,Muita chance de acontecer (10),,17,14,19,13,15,11,20,21,28,16,8,23,14,7,9,16,18,18,15,18,25,12
,,***,Total em %,100,100,100,100,100,100,100,100,100,100,100,100,100,100,100,100,100,100,100,100,100,100
,,,Base ponderada,1012,465,547,150,183,181,251,248,272,432,308,337,414,138,53,690,322,375,345,210,361,651
,,,Total Nos. absolutos,1012,466,546,146,190,184,252,240,270,433,309,336,416,138,53,694,318,376,344,210,361,651
M13M,,MÉDIA,,7.3,6.7,7.7,7.9,7.6,7.9,7.5,5.8,6.5,7.5,7.5,6.8,7.6,7.7,7.3,7.5,6.8,7.3,7.4,7.3,7.3,7.2
TER O CELULAR FURTADO OU ROUBADO NO PRÓXIMO MÊS?,R13,Nenhuma chance de acontecer (0),,9,9,9,2,5,5,6,22,18,7,4,14,5,5,4,7,14,8,8,9,10,9
,,1,,2,2,1,1,1,1,2,2,1,1,3,1,2,1,4,2,1,1,2,1,2,2
,,2,,2,3,2,1,1,2,3,5,3,3,2,2,2,4,4,2,3,2,2,2,3,2
,,3,,3,3,2,2,3,1,3,4,4,2,3,3,2,1,4,2,3,2,3,2,2,3
,,4,,4,5,2,4,4,4,3,3,4,2,5,4,3,3,6,3,4,3,4,5,3,4
,,5,,10,12,8,9,10,9,11,11,10,12,7,11,12,5,6,10,11,11,9,9,8,11
,,6,,4,5,3,6,6,3,2,2,2,4,4,3,5,2,6,3,4,3,4,5,4,3
,,7,,6,7,5,7,6,8,4,5,5,6,7,4,6,10,2,6,4,7,4,8,6,6
,,8,,11,12,10,12,11,11,13,7,6,10,16,5,12,18,23,12,8,10,13,9,10,11
,,9,,8,7,9,13,10,9,7,3,5,8,10,9,6,8,9,9,6,10,7,7,8,8
,R13,Muita chance de acontecer (10),,43,34,50,41,44,48,46,36,42,46,39,43,45,42,34,43,41,41,45,44,45,42
,,***,Total em %,100,100,100,100,100,100,100,100,100,100,100,100,100,100,100,100,100,100,100,100,100,100
,,,Base ponderada,1012,465,547,150,183,181,251,248,272,432,308,337,414,138,53,690,322,375,345,210,361,651
,,,Total Nos. absolutos,1012,466,546,146,190,184,252,240,270,433,309,336,416,138,53,694,318,376,344,210,361,651
M13N,,MÉDIA,,4.8,4.8,4.9,4.6,5.1,5.0,5.1,4.4,4.9,5.0,4.5,5.0,5.0,4.4,4.4,5.1,4.4,5.0,4.6,4.9,5.2,4.6
TER OS SEUS CONTEÚDOS PESSOAIS DIVULGADOS NA INTERNET NO PRÓXIMO MÊS?,R14,Nenhuma chance de acontecer (0),,22,21,23,18,15,20,22,31,32,21,15,27,19,18,17,20,27,21,23,23,23,22
,,1,,5,6,4,4,8,4,4,5,2,4,8,2,5,8,11,5,5,5,6,3,3,6
,,2,,8,9,7,10,5,10,8,7,5,7,12,7,8,12,11,7,9,9,9,5,7,9
,,3,,7,6,7,8,8,4,6,7,6,5,9,5,6,9,7,6,7,5,7,10,5,7
,,4,,4,5,3,5,6,7,3,2,2,5,5,3,5,4,4,4,4,5,2,5,4,4
,,5,,12,13,12,16,15,12,12,10,6,13,17,10,14,14,13,13,11,13,13,10,12,13
,,6,,5,5,5,8,5,4,4,5,4,6,4,4,6,3,8,5,4,4,4,8,6,4
,,7,,5,7,4,9,7,5,6,2,3,7,6,4,6,9,2,6,3,5,6,5,5,6
,,8,,7,5,8,1,8,10,8,7,6,7,8,6,7,7,9,8,5,6,9,7,7,7
,,9,,3,3,3,4,5,3,3,1,4,4,2,4,3,3,,4,2,5,3,1,5,2
,R14,Muita chance de acontecer (10),,21,20,23,16,19,21,25,24,29,21,15,26,20,14,17,21,22,23,18,23,26,19
,,***,Total em %,100,100,100,100,100,100,100,100,100,100,100,100,100,100,100,100,100,100,100,100,100,100
,,,Base ponderada,1012,465,547,150,183,181,251,248,272,432,308,337,414,138,53,690,322,375,345,210,361,651
,,,Total Nos. absolutos,1012,466,546,146,190,184,252,240,270,433,309,336,416,138,53,694,318,376,344,210,361,651
M13O,,MÉDIA,,4.4,4.1,4.6,4.3,4.8,4.5,4.4,4.0,4.8,4.7,3.5,4.6,4.5,3.6,3.3,4.4,4.3,4.6,3.8,4.8,5.2,3.9
TER PARENTES ENVOLVIDOS COM DROGAS NO PRÓXIMO MÊS?,R15,Nenhuma chance de acontecer (0),,28,27,28,22,20,25,30,36,32,24,28,32,21,33,28,27,29,25,32,24,24,29
,,1,,5,5,5,6,3,6,5,5,3,5,7,3,6,7,8,4,6,5,5,5,3,6
,,2,,8,11,6,14,7,7,8,7,6,7,12,6,10,10,17,8,8,8,9,8,6,10
,,3,,7,8,6,9,6,6,6,7,5,6,10,4,8,9,4,6,8,6,8,6,4,8
,,4,,4,5,3,5,5,6,2,2,3,3,4,3,5,2,7,4,2,5,1,4,4,3
,,5,,13,12,13,12,23,13,12,7,7,15,15,10,13,12,15,14,11,12,15,11,14,12
,,6,,4,5,3,3,4,5,4,4,4,5,3,4,5,4,2,4,4,5,3,6,5,4
,,7,,5,5,4,6,6,7,4,2,4,4,6,4,6,3,4,5,4,6,3,4,4,5
,,8,,6,5,6,6,8,3,4,7,4,8,4,6,6,3,10,5,6,6,6,5,6,5
,,9,,3,3,2,1,3,4,4,1,3,3,1,3,2,4,,3,2,3,1,4,3,2
,R15,Muita chance de acontecer (10),,19,14,23,18,16,17,22,22,29,20,10,25,18,13,6,19,21,19,15,23,27,15
,,***,Total em %,100,100,100,100,100,100,100,100,100,100,100,100,100,100,100,100,100,100,100,100,100,100
,,,Base ponderada,1012,465,547,150,183,181,251,248,272,432,308,337,414,138,53,690,322,375,345,210,361,651
,,,Total Nos. absolutos,1012,466,546,146,190,184,252,240,270,433,309,336,416,138,53,694,318,376,344,210,361,651
M13P,,MÉDIA,,6.1,5.9,6.2,6.5,6.8,6.1,6.2,5.1,5.6,6.2,6.3,5.8,6.3,6.3,6.1,6.2,5.8,5.9,6.1,6.4,5.9,6.1
ANDAR NA VIZINHANÇA DEPOIS DE ANOITECER NO PRÓXIMO MÊS?,R16,Nenhuma chance de acontecer (0),,14,13,15,10,7,12,12,25,24,12,8,19,12,8,8,12,18,15,14,13,17,13
,,1,,4,4,3,4,2,4,4,5,4,3,4,4,3,5,8,4,3,5,3,2,4,4
,,2,,4,5,4,5,4,7,4,4,3,5,5,3,5,5,4,5,3,5,4,4,4,5
,,3,,6,6,5,3,4,5,7,7,4,6,6,5,5,5,8,5,6,6,6,4,7,5
,,4,,3,2,3,5,4,1,2,3,2,3,4,2,3,2,6,3,3,3,3,3,2,3
,,5,,11,13,10,12,13,12,12,9,10,13,11,16,9,14,7,12,10,9,12,14,11,12
,,6,,7,8,6,5,9,9,7,5,4,6,11,5,9,9,4,7,7,8,7,6,6,7
,,7,,6,7,5,6,7,7,7,5,4,6,8,4,7,9,9,6,6,7,6,7,6,6
,,8,,10,10,10,12,10,8,10,9,6,10,12,9,9,10,21,10,10,7,11,10,9,10
,,9,,5,6,5,7,7,7,5,3,5,5,6,5,6,6,4,6,5,7,5,3,6,5
,R16,Muita chance de acontecer (10),,30,26,33,31,33,29,31,25,33,29,27,29,32,27,23,30,29,28,29,34,30,30
,,***,Total em %,100,100,100,100,100,100,100,100,100,100,100,100,100,100,100,100,100,100,100,100,100,100
,,,Base ponderada,1012,465,547,150,183,181,251,248,272,432,308,337,414,138,53,690,322,375,345,210,361,651
,,,Total Nos. absolutos,1012,466,546,146,190,184,252,240,270,433,309,336,416,138,53,694,318,376,344,210,361,651
M13Q,,MÉDIA,,3.9,3.8,4.0,3.0,3.8,3.6,4.6,4.1,5.1,4.0,2.8,4.3,4.1,2.9,3.0,3.9,3.9,4.4,3.4,3.8,4.9,3.4
TER FILHO(S) PRESOS INJUSTAMENTE?,R17,Nenhuma chance de acontecer (0),,36,36,37,47,35,39,29,37,32,35,43,37,32,42,38,35,40,32,41,39,30,40
,,1,,5,6,4,1,6,5,6,6,3,5,7,3,5,8,12,5,4,4,7,4,4,6
,,2,,7,8,6,8,8,8,4,9,5,7,9,7,6,10,11,8,7,7,7,8,6,8
,,3,,6,7,5,8,4,7,7,4,4,6,8,4,7,8,8,7,4,7,7,4,4,7
,,4,,3,3,3,3,3,4,2,4,2,3,4,1,5,2,4,3,3,2,4,5,2,4
,,5,,9,8,10,10,12,7,12,5,7,11,9,10,10,10,4,10,7,9,8,10,11,8
,,6,,2,3,2,1,4,2,3,2,4,3,1,4,3,,2,2,3,2,3,1,3,2
,,7,,4,4,3,4,5,4,4,1,3,4,3,4,4,4,6,4,3,5,2,3,4,3
,,8,,4,3,6,3,3,5,6,5,5,5,4,3,7,2,6,4,6,7,2,4,5,4
,,9,,3,3,3,3,5,2,3,1,3,3,2,4,2,3,,3,2,3,3,3,4,2
,R17,Muita chance de acontecer (10),,20,19,20,11,15,17,23,27,34,18,10,24,19,11,11,19,21,22,17,20,28,15
,,***,Total em %,100,100,100,100,100,100,100,100,100,100,100,100,100,100,100,100,100,100,100,100,100,100
,,,Base ponderada,1012,465,547,150,183,181,251,248,272,432,308,337,414,138,53,690,322,375,345,210,361,651
,,,Total Nos. absolutos,1012,466,546,146,190,184,252,240,270,433,309,336,416,138,53,694,318,376,344,210,361,651
M13R,,MÉDIA,,7.1,6.7,7.4,7.1,7.6,7.6,7.2,6.3,6.7,7.3,7.1,6.9,7.3,7.2,7.1,7.1,7.0,7.1,7.1,7.2,7.1,7.1
"SER ROUBADO, ASSALTADO, FURTADO, EM CASA, NA RUA",R18,Nenhuma chance de acontecer (0),,8,8,8,6,5,5,5,16,16,6,3,12,6,4,2,7,9,8,7,6,9,7
,,1,,2,2,1,2,,1,3,2,1,1,2,1,2,,4,1,2,1,1,2,1,2
,,2,,3,3,2,3,3,3,3,3,3,3,3,3,3,3,2,3,3,3,3,2,3,2
,,3,,4,5,3,2,3,3,4,5,4,3,4,4,3,5,4,4,3,4,3,4,4,4
,,4,,2,2,2,2,2,1,2,2,1,2,3,1,2,3,4,2,2,2,3,2,2,2
,,5,,14,17,11,12,12,13,17,13,10,14,16,12,12,19,17,14,13,11,15,15,12,15
,,6,,5,5,4,9,6,4,2,3,3,4,7,3,5,4,8,4,5,5,4,6,5,4
,,7,,7,8,6,11,7,5,5,6,3,7,8,3,7,9,10,7,7,5,8,6,5,7
,,8,,13,14,12,12,13,15,13,12,12,14,13,15,12,15,11,13,13,14,13,13,14,12
,,9,,6,5,7,8,9,9,4,3,5,5,8,5,7,6,4,7,5,7,5,6,5,7
,R18,Muita chance de acontecer (10),,38,30,45,33,40,42,41,34,42,41,32,40,40,33,36,38,39,38,38,38,41,37
,,***,Total em %,100,100,100,100,100,100,100,100,100,100,100,100,100,100,100,100,100,100,100,100,100,100
,,,Base ponderada,1012,465,547,150,183,181,251,248,272,432,308,337,414,138,53,690,322,375,345,210,361,651
,,,Total Nos. absolutos,1012,466,546,146,190,184,252,240,270,433,309,336,416,138,53,694,318,376,344,210,361,651
M13S,,MÉDIA,,3.5,3.6,3.4,3.2,3.9,3.2,3.8,3.5,4.2,3.8,2.6,3.9,3.6,2.6,2.8,3.6,3.4,3.8,3.1,3.7,4.3,3.1
SER ACUSADO DE UM CRIME?,R19,Nenhuma chance de acontecer (0),,37,35,40,36,29,41,35,44,37,34,42,37,33,45,40,36,40,36,40,35,32,40
,,1,,8,9,7,8,9,8,7,7,5,7,11,5,9,9,13,7,8,8,9,6,7,8
,,2,,8,8,9,11,12,4,10,6,6,9,10,6,10,8,11,8,8,7,10,8,9,8
,,3,,6,6,6,10,5,7,5,5,5,5,9,6,6,9,6,7,4,6,6,8,5,6
,,4,,3,3,3,3,2,6,3,2,2,4,2,3,4,3,2,3,3,3,3,4,2,4
,,5,,10,11,10,9,14,13,11,7,9,12,9,11,11,10,4,11,9,9,10,13,10,11
,,6,,2,2,3,3,1,2,4,2,1,3,3,1,3,2,8,2,2,3,1,2,3,2
,,7,,2,3,2,1,4,2,2,2,3,3,1,2,2,1,2,2,2,2,1,3,3,2
,,8,,4,5,3,4,6,3,5,3,3,4,5,3,5,6,6,4,4,6,4,2,3,5
,,9,,2,3,2,1,5,2,2,2,2,3,1,3,3,1,,2,2,3,2,2,3,2
,R19,Muita chance de acontecer (10),,16,16,17,14,14,13,18,20,27,16,7,22,15,7,9,16,17,19,13,18,25,11
,,***,Total em %,100,100,100,100,100,100,100,100,100,100,100,100,100,100,100,100,100,100,100,100,100,100
,,,Base ponderada,1012,465,547,150,183,181,251,248,272,432,308,337,414,138,53,690,322,375,345,210,361,651
,,,Total Nos. absolutos,1012,466,546,146,190,184,252,240,270,433,309,336,416,138,53,694,318,376,344,210,361,651
M13T,,MÉDIA,,5.1,4.7,5.5,5.1,5.5,4.8,5.4,4.8,5.4,5.1,4.8,5.4,5.2,4.7,4.4,5.2,5.0,5.4,5.0,5.1,5.5,4.9
DE SER VÍTIMA DE AGRESSÃO FÍSICA (EM CASA E NA RUA)?,R20,Nenhuma chance de acontecer (0),,18,17,18,14,10,20,16,25,24,17,13,22,14,14,15,17,19,17,17,18,18,17
,,1,,4,6,3,5,3,6,5,3,3,4,6,3,4,9,10,5,4,4,5,4,2,6
,,2,,7,8,6,6,11,6,6,6,5,7,8,5,8,7,6,7,7,5,7,8,5,8
,,3,,9,10,7,11,8,5,8,10,7,8,11,6,9,13,9,8,9,10,9,7,6,10
,,4,,5,5,5,8,5,4,2,5,2,5,7,3,6,4,11,4,6,4,6,4,3,5
,,5,,15,17,13,16,17,20,14,10,10,16,18,13,16,18,15,16,14,16,14,15,14,16
,,6,,5,5,6,7,7,6,4,3,3,7,5,5,6,4,8,6,3,4,6,8,7,4
,,7,,5,5,6,8,5,5,6,4,4,6,6,5,6,5,6,6,4,5,4,9,6,5
,,8,,8,7,8,5,10,7,9,7,6,8,8,6,8,9,6,8,7,8,9,6,9,7
,,9,,4,4,4,5,5,3,3,4,5,4,3,4,3,4,4,4,4,5,3,2,4,4
,R20,Muita chance de acontecer (10),,21,16,25,17,19,17,25,23,31,19,14,27,20,14,11,21,22,23,20,20,25,19
,,***,Total em %,100,100,100,100,100,100,100,100,100,100,100,100,100,100,100,100,100,100,100,100,100,100
,,,Base ponderada,1012,465,547,150,183,181,251,248,272,432,308,337,414,138,53,690,322,375,345,210,361,651
,,,Total Nos. absolutos,1012,466,546,146,190,184,252,240,270,433,309,336,416,138,53,694,318,376,344,210,361,651
M13U,,MÉDIA,,7.1,6.7,7.5,7.3,7.6,7.6,7.2,6.2,6.7,7.4,7.1,7.1,7.3,7.1,6.9,7.3,6.8,7.3,7.2,7.0,7.3,7.0
"SER ROUBADO OU ASSALTADO EM CASA, NO TRANSPORTE OU NA ESCOLA/TRABALHO?",R21,Nenhuma chance de acontecer (0),,8,8,7,3,5,4,7,15,15,5,4,10,6,4,2,6,11,7,7,7,9,7
,,1,,2,2,2,2,1,1,2,2,1,2,3,1,2,1,4,2,1,2,1,1,2,2
,,2,,2,3,2,1,2,1,3,4,3,1,3,2,2,3,4,2,3,2,3,3,2,3
,,3,,3,3,2,3,2,2,2,4,3,2,4,2,1,5,6,3,3,4,1,2,2,3
,,4,,4,5,3,6,4,3,3,4,4,5,3,4,3,4,4,4,4,2,5,5,3,4
,,5,,13,15,12,14,12,15,13,13,11,14,14,14,13,13,13,13,13,12,12,16,12,14
,,6,,5,6,4,8,5,2,4,5,4,4,6,4,5,5,6,4,5,5,4,6,3,5
,,7,,7,8,6,8,5,9,7,7,6,7,8,6,7,9,12,7,7,7,7,7,7,7
,,8,,13,14,11,12,12,17,11,11,7,12,18,8,13,17,19,13,11,13,15,8,9,14
,,9,,7,6,8,8,11,9,6,3,5,8,6,6,9,6,6,7,6,7,7,6,7,7
,R21,Muita chance de acontecer (10),,38,30,45,35,41,37,43,33,42,40,32,43,39,33,27,39,36,40,37,38,43,35
,,***,Total em %,100,100,100,100,100,100,100,100,100,100,100,100,100,100,100,100,100,100,100,100,100,100
,,,Base ponderada,1012,465,547,150,183,181,251,248,272,432,308,337,414,138,53,690,322,375,345,210,361,651
,,,Total Nos. absolutos,1012,466,546,146,190,184,252,240,270,433,309,336,416,138,53,694,318,376,344,210,361,651
M13V,,MÉDIA,,7.0,6.5,7.5,6.6,7.5,7.3,7.2,6.6,6.9,7.2,6.9,6.9,7.3,6.9,6.6,7.2,6.7,7.1,7.0,7.3,7.3,6.9
SER VÍTIMA OU TER UM PARENTE VÍTIMA DE BALA PERDIDA?,R22,Nenhuma chance de acontecer (0),,8,9,7,8,5,8,6,13,15,7,4,12,7,4,2,8,10,8,6,7,10,7
,,1,,2,2,2,2,2,,2,2,0,2,3,1,2,3,2,2,2,1,2,2,1,2
,,2,,2,4,1,2,1,1,2,4,1,2,3,1,2,3,6,2,3,2,4,0,2,2
,,3,,4,6,3,3,5,4,4,4,4,4,5,5,2,9,4,5,3,4,5,3,4,5
,,4,,4,5,3,8,1,2,3,4,3,4,4,3,3,5,8,3,5,3,3,6,2,4
,,5,,12,14,11,17,13,12,14,9,10,11,16,14,12,9,15,11,15,13,12,13,9,14
,,6,,5,7,4,5,6,7,4,6,3,7,5,4,6,5,11,5,7,6,5,7,4,6
,,7,,8,8,7,11,7,8,9,5,5,6,11,4,9,8,11,8,6,7,9,6,6,8
,,8,,9,8,9,6,10,12,8,7,7,9,11,8,8,14,11,9,9,7,11,8,10,8
,,9,,6,6,7,5,10,9,3,6,6,7,5,5,7,8,6,7,4,6,7,6,6,6
,R22,Muita chance de acontecer (10),,40,31,47,33,41,37,44,39,45,41,33,43,42,33,25,41,37,42,37,42,46,36
,,***,Total em %,100,100,100,100,100,100,100,100,100,100,100,100,100,100,100,100,100,100,100,100,100,100
,,,Base ponderada,1012,465,547,150,183,181,251,248,272,432,308,337,414,138,53,690,322,375,345,210,361,651
,,,Total Nos. absolutos,1012,466,546,146,190,184,252,240,270,433,309,336,416,138,53,694,318,376,344,210,361,651
M13X,,MÉDIA,,7.0,6.5,7.4,6.8,7.4,7.2,7.3,6.3,6.8,7.3,6.7,6.9,7.2,7.0,6.8,7.1,6.7,7.1,6.9,7.2,7.2,6.9
SER FERIDO OU MORTO EM UM ASSALTO OU ROUBO?,R23,Nenhuma chance de acontecer (0),,9,9,8,6,5,7,6,17,14,7,5,11,7,4,4,8,10,8,8,9,11,7
,,1,,1,1,2,1,,1,2,2,1,1,1,2,1,1,2,1,1,1,1,0,1,1
,,2,,4,6,2,4,3,3,4,5,4,3,5,4,3,7,6,4,5,3,5,4,4,4
,,3,,3,4,2,5,2,2,4,3,4,3,3,3,3,4,,2,4,2,4,2,1,4
,,4,,3,5,2,8,2,5,2,2,2,3,5,2,4,3,9,3,4,4,3,4,3,4
,,5,,13,15,12,11,14,14,13,13,10,12,17,14,10,17,15,13,15,13,13,11,11,15
,,6,,4,4,4,5,7,4,3,3,3,4,5,4,5,4,4,5,3,5,5,2,3,5
,,7,,8,7,8,13,9,6,8,3,4,7,12,4,10,8,10,8,7,8,7,6,6,8
,,8,,10,12,8,8,9,12,11,9,5,12,13,7,12,12,19,10,9,9,11,11,10,10
,,9,,6,6,7,8,9,7,4,5,5,7,6,6,6,7,4,6,6,7,5,6,6,6
,R23,Muita chance de acontecer (10),,39,31,45,32,39,38,44,37,47,41,28,42,39,34,28,40,37,40,36,44,44,36
,,***,Total em %,100,100,100,100,100,100,100,100,100,100,100,100,100,100,100,100,100,100,100,100,100,100
,,,Base ponderada,1012,465,547,150,183,181,251,248,272,432,308,337,414,138,53,690,322,375,345,210,361,651
,,,Total Nos. absolutos,1012,466,546,146,190,184,252,240,270,433,309,336,416,138,53,694,318,376,344,210,361,651
M13Z,,MÉDIA,,7.0,6.8,7.3,6.4,7.6,7.4,7.3,6.5,7.3,7.0,6.9,7.0,7.2,7.0,7.0,7.2,6.7,7.2,6.8,7.2,7.6,6.8
SE VER NO MEIO DO FOGO CRUZADO DE UM CONFRONTO ENTRE POLICIAIS E BANDIDOS?,R24,Nenhuma chance de acontecer (0),,7,7,7,8,4,5,6,13,12,7,4,12,6,2,2,6,10,8,6,8,7,7
,,1,,3,3,3,3,1,2,2,5,1,3,3,2,3,4,,2,4,2,3,1,2,3
,,2,,3,3,3,2,2,3,3,3,2,2,5,1,3,4,9,3,2,2,5,1,1,4
,,3,,5,6,3,7,3,4,5,4,5,3,6,4,4,5,6,5,4,5,4,5,4,5
,,4,,3,2,4,8,3,1,3,2,1,5,2,2,4,3,2,2,6,1,6,3,2,3
,,5,,12,13,10,8,12,15,13,11,7,14,14,13,9,16,9,11,13,12,11,12,10,13
,,6,,4,6,3,8,4,4,4,4,4,3,5,4,4,4,7,4,4,4,5,4,4,5
,,7,,7,9,6,15,9,6,6,5,3,9,9,4,10,7,12,8,7,8,8,8,7,8
,,8,,10,12,9,9,16,9,11,8,6,11,13,7,12,13,17,12,6,11,11,9,9,11
,,9,,7,6,8,6,10,8,5,6,7,7,8,6,7,9,9,7,6,8,5,8,7,7
,R24,Muita chance de acontecer (10),,39,33,43,26,38,43,43,39,51,37,31,44,39,32,26,39,39,39,36,40,48,34
,,***,Total em %,100,100,100,100,100,100,100,100,100,100,100,100,100,100,100,100,100,100,100,100,100,100
,,,Base ponderada,1012,465,547,150,183,181,251,248,272,432,308,337,414,138,53,690,322,375,345,210,361,651
,,,Total Nos. absolutos,1012,466,546,146,190,184,252,240,270,433,309,336,416,138,53,694,318,376,344,210,361,651
M13AA,,MÉDIA,,7.2,6.8,7.5,6.7,7.7,7.3,7.3,6.8,7.0,7.2,7.2,7.2,7.2,7.2,7.1,7.3,6.8,7.1,7.2,7.4,7.6,6.9
OUVIR TIROTEIOS PRÓXIMOS A VOCÊ?,R25,Nenhuma chance de acontecer (0),,8,8,7,10,5,8,5,11,12,7,5,11,6,4,4,6,11,8,6,6,7,8
,,1,,3,3,2,3,1,3,4,2,2,2,3,1,3,3,6,3,2,2,3,2,2,3
,,2,,4,4,4,2,4,3,4,6,4,4,4,4,4,3,7,4,4,5,5,1,4,4
,,3,,4,5,3,3,1,2,6,5,4,3,4,2,4,6,2,4,4,3,5,4,2,5
,,4,,2,2,2,1,2,2,1,3,2,2,2,2,2,3,,2,2,1,1,3,3,2
,,5,,10,12,9,10,12,10,10,10,9,12,10,10,11,11,10,10,11,8,10,14,7,12
,,6,,4,5,3,6,5,4,2,5,3,3,7,3,5,6,4,4,5,6,3,4,3,5
,,7,,6,7,6,10,6,3,8,5,6,7,6,5,7,7,6,7,5,7,6,4,7,6
,,8,,11,12,9,13,10,10,10,10,7,11,14,9,10,14,21,11,11,12,12,7,8,12
,,9,,7,7,6,8,8,10,5,4,3,8,8,4,8,9,2,7,5,7,6,6,8,6
,R25,Muita chance de acontecer (10),,42,34,49,31,47,44,44,41,48,42,37,48,41,35,39,43,40,40,43,47,50,38
,,***,Total em %,100,100,100,100,100,100,100,100,100,100,100,100,100,100,100,100,100,100,100,100,100,100
,,,Base ponderada,1012,465,547,150,183,181,251,248,272,432,308,337,414,138,53,690,322,375,345,210,361,651
,,,Total Nos. absolutos,1012,466,546,146,190,184,252,240,270,433,309,336,416,138,53,694,318,376,344,210,361,651
"Projeto: PO3955
Base: Total da amostra
Data do campo: 20 a 22/03/2018",,,,,,,,,,,,,,,,,,,,,,,,,